"","onset","terminus","tail","head","onset.censored","terminus.censored","duration","edge.id"
"1",2014.2,2021.3,1,2,FALSE,FALSE,87,1
"2",2014.4,2021.3,15,1,FALSE,FALSE,81,2
"3",2014.4,2021.3,16,1,FALSE,FALSE,81,3
"4",2014.4,2021.3,17,1,FALSE,FALSE,81,4
"5",2014.4,2021.3,18,1,FALSE,FALSE,81,5
"6",2010.3,2021.3,19,40,FALSE,FALSE,132,6
"7",1995.3,2021.3,22,260,FALSE,FALSE,311,7
"8",2014.4,2021.3,26,1,FALSE,FALSE,81,8
"9",1986.2,2021.3,27,28,FALSE,FALSE,422,9
"10",1993.2,2021.3,33,34,FALSE,FALSE,340,10
"11",2009.4,2021.3,35,88,FALSE,FALSE,139,11
"12",1991.4,2021.3,40,71,FALSE,FALSE,356,12
"13",2013.2,2021.3,41,42,FALSE,FALSE,99,13
"14",1997.2,2021.3,42,47,FALSE,FALSE,289,14
"15",2012.3,2021.3,44,33,FALSE,FALSE,107,15
"16",2009.2,2021.3,57,58,FALSE,FALSE,146,16
"17",2001.2,2021.3,58,14,FALSE,FALSE,244,17
"18",2009.2,2021.3,60,312,FALSE,FALSE,147,18
"19",2014.4,2021.3,62,1,FALSE,FALSE,81,19
"20",1932.1,2021.3,64,11,FALSE,FALSE,1075,20
"21",1988.1,2021.3,65,102,FALSE,FALSE,401,21
"22",2009.2,2021.3,66,58,FALSE,FALSE,146,22
"23",2010.4,2021.3,73,60,FALSE,FALSE,128,23
"24",2012.2,2021.3,74,100,FALSE,FALSE,110,24
"25",2012.1,2021.3,75,101,FALSE,FALSE,113,25
"26",1993.2,2021.3,76,34,FALSE,FALSE,340,26
"27",2013.2,2021.3,77,42,FALSE,FALSE,99,27
"28",2015.2,2021.3,80,81,FALSE,FALSE,74,28
"29",2009.4,2021.3,81,88,FALSE,FALSE,139,29
"30",2013.2,2021.3,82,42,FALSE,FALSE,99,30
"31",2013.2,2021.3,83,42,FALSE,FALSE,99,31
"32",2013.2,2021.3,84,42,FALSE,FALSE,99,32
"33",2014.4,2021.3,89,1,FALSE,FALSE,81,33
"34",2010.3,2021.3,92,40,FALSE,FALSE,132,34
"35",1997.2,2021.3,93,47,FALSE,FALSE,289,35
"36",2008.2,2021.3,101,3,FALSE,FALSE,157,36
"37",2013.2,2021.3,105,42,FALSE,FALSE,99,37
"38",2014.4,2021.3,110,1,FALSE,FALSE,81,38
"39",2013.4,2021.3,111,113,FALSE,FALSE,93,39
"40",2013.2,2021.3,113,42,FALSE,FALSE,99,40
"41",2014.4,2021.3,118,1,FALSE,FALSE,81,41
"42",2014.4,2021.3,119,1,FALSE,FALSE,81,42
"43",2012.3,2021.3,120,33,FALSE,FALSE,107,43
"44",2014.4,2021.3,124,1,FALSE,FALSE,81,44
"45",2014.4,2021.3,131,1,FALSE,FALSE,81,45
"46",2013.2,2021.3,132,42,FALSE,FALSE,99,46
"47",2012.4,2021.3,133,19,FALSE,FALSE,104,47
"48",2014.4,2021.3,134,1,FALSE,FALSE,81,48
"49",2014.4,2021.3,135,1,FALSE,FALSE,81,49
"50",2014.4,2021.3,136,1,FALSE,FALSE,81,50
"51",1990.1,2021.3,137,138,FALSE,FALSE,376,51
"52",2012.4,2021.3,142,19,FALSE,FALSE,104,52
"53",2012.4,2021.3,145,19,FALSE,FALSE,104,53
"54",2014.1,2021.3,146,147,FALSE,FALSE,88,54
"55",1984.4,2021.3,147,4,FALSE,FALSE,440,55
"56",2014.4,2021.3,148,1,FALSE,FALSE,81,56
"57",2014.4,2021.3,161,1,FALSE,FALSE,81,57
"58",2014.4,2021.3,162,1,FALSE,FALSE,81,58
"59",2012.3,2021.3,163,33,FALSE,FALSE,107,59
"60",2014.4,2021.3,165,1,FALSE,FALSE,81,60
"61",2015.2,2021.3,166,81,FALSE,FALSE,74,61
"62",2015.2,2021.3,167,81,FALSE,FALSE,74,62
"63",2014.4,2021.3,168,1,FALSE,FALSE,81,63
"64",2012.3,2021.3,169,33,FALSE,FALSE,107,64
"65",2014.4,2021.3,171,1,FALSE,FALSE,81,65
"66",2015.2,2021.3,172,81,FALSE,FALSE,74,66
"67",2014.4,2021.3,173,1,FALSE,FALSE,81,67
"68",2014.4,2021.3,174,1,FALSE,FALSE,81,68
"69",2014.4,2021.3,175,1,FALSE,FALSE,81,69
"70",2018.3,2021.3,176,178,FALSE,FALSE,34,70
"71",2014.4,2021.3,177,1,FALSE,FALSE,81,71
"72",2014.4,2021.3,179,1,FALSE,FALSE,81,72
"73",2014.4,2021.3,180,1,FALSE,FALSE,81,73
"74",2014.4,2021.3,183,1,FALSE,FALSE,81,74
"75",2009.3,2021.3,184,181,FALSE,FALSE,142,75
"76",2010.3,2021.3,185,40,FALSE,FALSE,132,76
"77",2014.4,2021.3,188,1,FALSE,FALSE,81,77
"78",2014.4,2021.3,190,1,FALSE,FALSE,81,78
"79",2014.4,2021.3,191,1,FALSE,FALSE,81,79
"80",2014.4,2021.3,192,1,FALSE,FALSE,81,80
"81",2014.4,2021.3,193,1,FALSE,FALSE,81,81
"82",2014.4,2021.3,195,1,FALSE,FALSE,81,82
"83",2014.4,2021.3,196,1,FALSE,FALSE,81,83
"84",2018.3,2021.3,197,178,FALSE,FALSE,34,84
"85",2014.4,2021.3,198,1,FALSE,FALSE,81,85
"86",2012.3,2021.3,199,33,FALSE,FALSE,107,86
"87",2015.2,2021.3,200,144,FALSE,FALSE,75,87
"88",1993.2,2021.3,201,34,FALSE,FALSE,340,88
"89",2014.4,2021.3,202,1,FALSE,FALSE,81,89
"90",2014.4,2021.3,203,1,FALSE,FALSE,81,90
"91",2014.4,2021.3,204,1,FALSE,FALSE,81,91
"92",2014.4,2021.3,205,1,FALSE,FALSE,81,92
"93",2015.2,2021.3,207,81,FALSE,FALSE,74,93
"94",2014.4,2021.3,208,1,FALSE,FALSE,81,94
"95",2012.3,2021.3,209,33,FALSE,FALSE,107,95
"96",2014.4,2021.3,210,1,FALSE,FALSE,81,96
"97",2015.2,2021.3,211,81,FALSE,FALSE,74,97
"98",2014.4,2021.3,212,1,FALSE,FALSE,81,98
"99",2014.4,2021.3,213,1,FALSE,FALSE,81,99
"100",2015.2,2021.3,214,81,FALSE,FALSE,74,100
"101",2015.2,2021.3,215,81,FALSE,FALSE,74,101
"102",2015.2,2021.3,216,81,FALSE,FALSE,74,102
"103",2015.2,2021.3,217,81,FALSE,FALSE,74,103
"104",2014.4,2021.3,218,1,FALSE,FALSE,81,104
"105",2014.4,2021.3,219,1,FALSE,FALSE,81,105
"106",2010.3,2021.3,221,35,FALSE,FALSE,131,106
"107",1932.1,2021.3,225,11,FALSE,FALSE,1075,107
"108",2014.4,2021.3,226,1,FALSE,FALSE,81,108
"109",2014.4,2021.3,228,1,FALSE,FALSE,81,109
"110",2014.4,2021.3,231,1,FALSE,FALSE,81,110
"111",2014.4,2021.3,232,1,FALSE,FALSE,81,111
"112",2014.4,2021.3,233,1,FALSE,FALSE,81,112
"113",2015.2,2021.3,235,81,FALSE,FALSE,74,113
"114",2015.2,2021.3,236,81,FALSE,FALSE,74,114
"115",2014.4,2021.3,237,1,FALSE,FALSE,81,115
"116",2014.4,2021.3,238,1,FALSE,FALSE,81,116
"117",2014.4,2021.3,240,1,FALSE,FALSE,81,117
"118",2014.4,2021.3,241,1,FALSE,FALSE,81,118
"119",2014.4,2021.3,242,1,FALSE,FALSE,81,119
"120",2014.4,2021.3,246,1,FALSE,FALSE,81,120
"121",1993.2,2021.3,247,34,FALSE,FALSE,340,121
"122",2014.3,2021.3,248,128,FALSE,FALSE,83,122
"123",2014.4,2021.3,250,1,FALSE,FALSE,81,123
"124",2014.4,2021.3,251,1,FALSE,FALSE,81,124
"125",1993.2,2021.3,252,34,FALSE,FALSE,340,125
"126",2010.2,2021.3,253,220,FALSE,FALSE,134,126
"127",2014.4,2021.3,254,1,FALSE,FALSE,81,127
"128",2014.4,2021.3,257,1,FALSE,FALSE,81,128
"129",2001.1,2021.3,262,67,FALSE,FALSE,246,129
"130",2014.4,2021.3,266,1,FALSE,FALSE,81,130
"131",2008.2,2021.3,267,3,FALSE,FALSE,157,131
"132",2012.4,2021.3,268,19,FALSE,FALSE,104,132
"133",2013.2,2021.3,269,42,FALSE,FALSE,99,133
"134",2012.4,2021.3,270,271,FALSE,FALSE,104,134
"135",2012.3,2021.3,273,33,FALSE,FALSE,107,135
"136",2014.4,2021.3,274,1,FALSE,FALSE,81,136
"137",2013.4,2021.3,275,111,FALSE,FALSE,92,137
"138",2013.1,2021.3,276,44,FALSE,FALSE,102,138
"139",2012.3,2021.3,278,33,FALSE,FALSE,107,139
"140",2016.2,2021.3,279,120,FALSE,FALSE,62,140
"141",2012.3,2021.3,280,27,FALSE,FALSE,107,141
"142",2014.4,2021.3,281,1,FALSE,FALSE,81,142
"143",2012.1,2021.3,282,101,FALSE,FALSE,113,143
"144",2005.2,2021.3,287,288,FALSE,FALSE,196,144
"145",2014.4,2021.3,289,1,FALSE,FALSE,81,145
"146",1986.2,2021.3,291,55,FALSE,FALSE,423,146
"147",2014.4,2021.3,292,1,FALSE,FALSE,81,147
"148",2012.1,2021.3,294,101,FALSE,FALSE,113,148
"149",2014.4,2021.3,298,1,FALSE,FALSE,81,149
"150",2017.3,2021.3,299,15,FALSE,FALSE,47,150
"151",2016.4,2021.3,300,73,FALSE,FALSE,55,151
"152",2015.2,2021.3,301,239,FALSE,FALSE,74,152
"153",2014.4,2021.3,302,1,FALSE,FALSE,81,153
"154",2014.4,2021.3,303,1,FALSE,FALSE,81,154
"155",2014.4,2021.3,305,1,FALSE,FALSE,81,155
"156",2014.4,2021.3,306,1,FALSE,FALSE,81,156
"157",1999.3,2021.3,307,243,FALSE,FALSE,262,157
"158",2013.1,2021.3,308,44,FALSE,FALSE,102,158
"159",2015.2,2021.3,309,81,FALSE,FALSE,74,159
"160",2014.4,2021.3,310,1,FALSE,FALSE,81,160
"161",2014.4,2021.3,311,1,FALSE,FALSE,81,161
"162",2012.2,2021.3,314,221,FALSE,FALSE,111,162
"163",1992.3,2021.3,317,24,FALSE,FALSE,348,163
"164",2008.2,2021.3,336,264,FALSE,FALSE,159,164
"165",1987.1,2021.3,338,13,FALSE,FALSE,413,165
"166",2009.4,2021.3,341,339,FALSE,FALSE,139,166
"167",2009.4,2021.3,342,88,FALSE,FALSE,139,167
"168",1984.4,2021.3,345,4,FALSE,FALSE,440,168
"169",2010.2,2021.3,346,220,FALSE,FALSE,134,169
"170",2008.4,2021.3,347,348,FALSE,FALSE,151,170
"171",2008.2,2021.3,348,3,FALSE,FALSE,157,171
"172",2010.4,2021.3,349,340,FALSE,FALSE,128,172
"173",2004.4,2021.3,351,352,FALSE,FALSE,199,173
"174",1992.3,2021.3,358,24,FALSE,FALSE,348,174
"175",2013.2,2021.3,359,42,FALSE,FALSE,99,175
"176",2012.1,2021.3,360,101,FALSE,FALSE,113,176
"177",2010.3,2021.3,361,35,FALSE,FALSE,131,177
"178",2011.4,2021.3,363,364,FALSE,FALSE,116,178
"179",1988.1,2021.3,368,102,FALSE,FALSE,401,179
"180",2009.1,2021.3,373,355,FALSE,FALSE,150,180
"181",2015.1,2021.3,378,384,FALSE,FALSE,78,181
"182",1992.3,2021.3,379,24,FALSE,FALSE,348,182
"183",2012.1,2021.3,380,371,FALSE,FALSE,114,183
"184",2011.2,2021.3,383,85,FALSE,FALSE,124,184
"185",1984.4,2021.3,384,4,FALSE,FALSE,440,185
"186",2012.1,2021.3,386,101,FALSE,FALSE,113,186
"187",2014.4,2021.3,389,1,FALSE,FALSE,81,187
"188",2012.2,2021.3,390,391,FALSE,FALSE,110,188
"189",2010.3,2021.3,393,35,FALSE,FALSE,131,189
"190",2013.3,2021.3,396,64,FALSE,FALSE,96,190
"191",2011.4,2021.3,399,343,FALSE,FALSE,118,191
"192",2012.1,2021.3,402,101,FALSE,FALSE,113,192
"193",2012.1,2021.3,405,101,FALSE,FALSE,113,193
"194",2014.2,2021.3,406,2,FALSE,FALSE,87,194
"195",1932.1,2021.3,412,11,FALSE,FALSE,1075,195
"196",2012.1,2021.3,415,101,FALSE,FALSE,113,196
"197",2014.4,2021.3,421,1,FALSE,FALSE,81,197
"198",2014.4,2021.3,423,1,FALSE,FALSE,81,198
"199",2008.2,2021.3,426,234,FALSE,FALSE,157,199
"200",2014.4,2021.3,427,1,FALSE,FALSE,81,200
"201",2019.4,2021.3,429,18,FALSE,FALSE,20,201
"202",2014.4,2021.3,444,1,FALSE,FALSE,81,202
"203",2008.2,2021.3,1,3,FALSE,FALSE,157,203
"204",2012.4,2021.3,17,19,FALSE,FALSE,104,204
"205",2008.2,2021.3,18,3,FALSE,FALSE,157,205
"206",2011.2,2021.3,19,22,FALSE,FALSE,122,206
"207",2006.1,2021.3,22,261,FALSE,FALSE,184,207
"208",1992.3,2021.3,27,29,FALSE,FALSE,349,208
"209",2010.3,2021.3,33,35,FALSE,FALSE,131,209
"210",2010.2,2021.3,35,316,FALSE,FALSE,133,210
"211",2009.4,2021.3,40,319,FALSE,FALSE,141,211
"212",2014.4,2021.3,41,1,FALSE,FALSE,81,212
"213",1997.4,2021.3,42,48,FALSE,FALSE,285,213
"214",1993.2,2021.3,44,34,FALSE,FALSE,340,214
"215",2010.2,2021.3,57,59,FALSE,FALSE,134,215
"216",1987.1,2021.3,58,13,FALSE,FALSE,413,216
"217",2009.3,2021.3,60,313,FALSE,FALSE,144,217
"218",1932.1,2021.3,62,11,FALSE,FALSE,1075,218
"219",1960.4,2021.3,64,63,FALSE,FALSE,729,219
"220",1997.2,2021.3,65,47,FALSE,FALSE,289,220
"221",2010.2,2021.3,66,59,FALSE,FALSE,134,221
"222",1932.1,2021.3,73,11,FALSE,FALSE,1075,222
"223",2008.2,2021.3,74,3,FALSE,FALSE,157,223
"224",2014.4,2021.3,75,1,FALSE,FALSE,81,224
"225",2014.4,2021.3,76,1,FALSE,FALSE,81,225
"226",2009.2,2021.3,77,78,FALSE,FALSE,145,226
"227",2015.2,2021.3,80,82,FALSE,FALSE,74,227
"228",2010.3,2021.3,81,35,FALSE,FALSE,131,228
"229",1960.4,2021.3,82,63,FALSE,FALSE,729,229
"230",1960.4,2021.3,83,63,FALSE,FALSE,729,230
"231",1960.4,2021.3,84,63,FALSE,FALSE,729,231
"232",1997.2,2021.3,93,94,FALSE,FALSE,289,232
"233",1992.3,2021.3,101,24,FALSE,FALSE,348,233
"234",1996.4,2021.3,105,106,FALSE,FALSE,296,234
"235",2011.2,2021.3,110,22,FALSE,FALSE,122,235
"236",2012.3,2021.3,111,27,FALSE,FALSE,107,236
"237",2012.3,2021.3,113,27,FALSE,FALSE,107,237
"238",2013.1,2021.3,119,44,FALSE,FALSE,102,238
"239",2013.1,2021.3,120,44,FALSE,FALSE,102,239
"240",2011.4,2021.3,124,116,FALSE,FALSE,116,240
"241",2017.3,2021.3,131,15,FALSE,FALSE,47,241
"242",2014.4,2021.3,132,1,FALSE,FALSE,81,242
"243",1992.3,2021.3,133,24,FALSE,FALSE,348,243
"244",1990.3,2021.3,137,139,FALSE,FALSE,370,244
"245",2014.4,2021.3,142,1,FALSE,FALSE,81,245
"246",2014.4,2021.3,145,1,FALSE,FALSE,81,246
"247",2014.4,2021.3,146,1,FALSE,FALSE,81,247
"248",2009.3,2021.3,147,7,FALSE,FALSE,144,248
"249",1998.2,2021.3,148,39,FALSE,FALSE,277,249
"250",2017.3,2021.3,161,15,FALSE,FALSE,47,250
"251",2014.4,2021.3,163,1,FALSE,FALSE,81,251
"252",2017.3,2021.3,165,15,FALSE,FALSE,47,252
"253",2015.2,2021.3,166,82,FALSE,FALSE,74,253
"254",2015.2,2021.3,167,82,FALSE,FALSE,74,254
"255",2014.4,2021.3,169,1,FALSE,FALSE,81,255
"256",2015.2,2021.3,171,81,FALSE,FALSE,74,256
"257",2014.4,2021.3,172,1,FALSE,FALSE,81,257
"258",2010.3,2021.3,173,35,FALSE,FALSE,131,258
"259",2016.4,2021.3,176,73,FALSE,FALSE,55,259
"260",2017.3,2021.3,177,15,FALSE,FALSE,47,260
"261",2015.2,2021.3,180,81,FALSE,FALSE,74,261
"262",2017.3,2021.3,183,15,FALSE,FALSE,47,262
"263",2013.2,2021.3,185,42,FALSE,FALSE,99,263
"264",2017.3,2021.3,188,15,FALSE,FALSE,47,264
"265",2017.3,2021.3,190,15,FALSE,FALSE,47,265
"266",2015.2,2021.3,192,81,FALSE,FALSE,74,266
"267",2016.4,2021.3,197,73,FALSE,FALSE,55,267
"268",2013.1,2021.3,199,44,FALSE,FALSE,102,268
"269",2014.4,2021.3,200,1,FALSE,FALSE,81,269
"270",2014.4,2021.3,201,1,FALSE,FALSE,81,270
"271",2015.2,2021.3,202,81,FALSE,FALSE,74,271
"272",1944.4,2021.3,203,121,FALSE,FALSE,921,272
"273",2015.2,2021.3,204,81,FALSE,FALSE,74,273
"274",1944.4,2021.3,205,121,FALSE,FALSE,921,274
"275",2016.2,2021.3,207,206,FALSE,FALSE,63,275
"276",2017.3,2021.3,208,15,FALSE,FALSE,47,276
"277",2011.2,2021.3,209,22,FALSE,FALSE,122,277
"278",1944.4,2021.3,210,121,FALSE,FALSE,921,278
"279",2014.4,2021.3,211,1,FALSE,FALSE,81,279
"280",1997.2,2021.3,212,47,FALSE,FALSE,289,280
"281",2015.2,2021.3,213,84,FALSE,FALSE,74,281
"282",2015.2,2021.3,214,82,FALSE,FALSE,74,282
"283",2015.2,2021.3,215,82,FALSE,FALSE,74,283
"284",2015.2,2021.3,216,82,FALSE,FALSE,74,284
"285",2015.2,2021.3,217,82,FALSE,FALSE,74,285
"286",2010.4,2021.3,221,60,FALSE,FALSE,128,286
"287",1960.4,2021.3,225,63,FALSE,FALSE,729,287
"288",2009.2,2021.3,228,58,FALSE,FALSE,146,288
"289",2010.4,2021.3,231,60,FALSE,FALSE,128,289
"290",2017.3,2021.3,232,15,FALSE,FALSE,47,290
"291",2017.3,2021.3,233,15,FALSE,FALSE,47,291
"292",2014.4,2021.3,235,1,FALSE,FALSE,81,292
"293",2015.2,2021.3,236,82,FALSE,FALSE,74,293
"294",2013.3,2021.3,238,64,FALSE,FALSE,96,294
"295",2015.2,2021.3,240,84,FALSE,FALSE,74,295
"296",2017.3,2021.3,241,15,FALSE,FALSE,47,296
"297",2014.4,2021.3,242,16,FALSE,FALSE,79,297
"298",2014.4,2021.3,247,1,FALSE,FALSE,81,298
"299",1992.3,2021.3,250,24,FALSE,FALSE,348,299
"300",2015.2,2021.3,251,81,FALSE,FALSE,74,300
"301",2014.4,2021.3,252,1,FALSE,FALSE,81,301
"302",2015.2,2021.3,253,144,FALSE,FALSE,75,302
"303",2011.3,2021.3,254,66,FALSE,FALSE,121,303
"304",1997.2,2021.3,257,47,FALSE,FALSE,289,304
"305",2001.1,2021.3,262,68,FALSE,FALSE,246,305
"306",2004.4,2021.3,266,283,FALSE,FALSE,199,306
"307",1984.4,2021.3,267,4,FALSE,FALSE,440,307
"308",2014.4,2021.3,268,1,FALSE,FALSE,81,308
"309",2014.1,2021.3,270,272,FALSE,FALSE,88,309
"310",2013.1,2021.3,273,44,FALSE,FALSE,102,310
"311",2015.2,2021.3,274,144,FALSE,FALSE,75,311
"312",2013.2,2021.3,275,42,FALSE,FALSE,99,312
"313",2012.3,2021.3,276,27,FALSE,FALSE,107,313
"314",2013.1,2021.3,278,44,FALSE,FALSE,102,314
"315",2018.1,2021.3,279,203,FALSE,FALSE,41,315
"316",2013.4,2021.3,280,111,FALSE,FALSE,92,316
"317",1993.3,2021.3,281,8,FALSE,FALSE,337,317
"318",2013.2,2021.3,282,74,FALSE,FALSE,99,318
"319",2015.2,2021.3,292,81,FALSE,FALSE,74,319
"320",2012.2,2021.3,294,100,FALSE,FALSE,110,320
"321",2015.2,2021.3,298,81,FALSE,FALSE,74,321
"322",2014.4,2021.3,299,1,FALSE,FALSE,81,322
"323",2014.4,2021.3,300,1,FALSE,FALSE,81,323
"324",2014.4,2021.3,301,1,FALSE,FALSE,81,324
"325",2015.2,2021.3,303,81,FALSE,FALSE,74,325
"326",2017.3,2021.3,305,15,FALSE,FALSE,47,326
"327",2015.2,2021.3,307,239,FALSE,FALSE,74,327
"328",2014.4,2021.3,308,1,FALSE,FALSE,81,328
"329",2015.2,2021.3,309,82,FALSE,FALSE,74,329
"330",2017.3,2021.3,310,15,FALSE,FALSE,47,330
"331",2017.3,2021.3,311,15,FALSE,FALSE,47,331
"332",2010.3,2021.3,314,35,FALSE,FALSE,131,332
"333",2010.2,2021.3,317,59,FALSE,FALSE,134,333
"334",1949.1,2021.3,338,61,FALSE,FALSE,868,334
"335",2010.2,2021.3,342,316,FALSE,FALSE,133,335
"336",2004.3,2021.3,346,86,FALSE,FALSE,204,336
"337",2008.2,2021.3,347,227,FALSE,FALSE,157,337
"338",2006.4,2021.3,348,335,FALSE,FALSE,177,338
"339",2012.1,2021.3,349,182,FALSE,FALSE,113,339
"340",2005.2,2021.3,351,353,FALSE,FALSE,195,340
"341",2010.2,2021.3,358,59,FALSE,FALSE,134,341
"342",2012.3,2021.3,359,33,FALSE,FALSE,107,342
"343",2010.2,2021.3,360,59,FALSE,FALSE,134,343
"344",2010.4,2021.3,361,60,FALSE,FALSE,128,344
"345",1996.2,2021.3,363,365,FALSE,FALSE,303,345
"346",1997.2,2021.3,368,47,FALSE,FALSE,289,346
"347",2007.2,2021.3,373,374,FALSE,FALSE,170,347
"348",2009.1,2021.3,378,355,FALSE,FALSE,150,348
"349",2010.2,2021.3,379,59,FALSE,FALSE,134,349
"350",2013.1,2021.3,380,372,FALSE,FALSE,102,350
"351",2012.1,2021.3,383,347,FALSE,FALSE,113,351
"352",1974.2,2021.3,384,103,FALSE,FALSE,565,352
"353",2012.2,2021.3,386,100,FALSE,FALSE,110,353
"354",2012.1,2021.3,389,101,FALSE,FALSE,113,354
"355",2014.4,2021.3,390,1,FALSE,FALSE,81,355
"356",2011.4,2021.3,393,394,FALSE,FALSE,115,356
"357",2014.4,2021.3,396,1,FALSE,FALSE,81,357
"358",2012.1,2021.3,399,101,FALSE,FALSE,113,358
"359",2013.2,2021.3,402,74,FALSE,FALSE,99,359
"360",2013.2,2021.3,405,74,FALSE,FALSE,99,360
"361",2007.4,2021.3,406,407,FALSE,FALSE,165,361
"362",1960.4,2021.3,412,63,FALSE,FALSE,729,362
"363",2013.2,2021.3,415,74,FALSE,FALSE,99,363
"364",2019.4,2021.3,421,18,FALSE,FALSE,20,364
"365",2014.2,2021.3,423,2,FALSE,FALSE,87,365
"366",2008.2,2021.3,426,227,FALSE,FALSE,157,366
"367",2017.3,2021.3,427,15,FALSE,FALSE,47,367
"368",2012.1,2021.3,429,101,FALSE,FALSE,113,368
"369",1984.4,2021.3,1,4,FALSE,FALSE,440,369
"370",2017.3,2021.3,18,15,FALSE,FALSE,47,370
"371",1920.1,2021.3,19,23,FALSE,FALSE,1217,371
"372",1914.1,2021.3,22,9,FALSE,FALSE,1291,372
"373",2004.4,2021.3,27,30,FALSE,FALSE,200,373
"374",2002.1,2021.3,33,36,FALSE,FALSE,234,374
"375",2008.2,2021.3,35,435,FALSE,FALSE,158,375
"376",2008.2,2021.3,40,264,FALSE,FALSE,159,376
"377",2017.3,2021.3,41,15,FALSE,FALSE,47,377
"378",2002.1,2021.3,42,49,FALSE,FALSE,234,378
"379",2010.3,2021.3,44,35,FALSE,FALSE,131,379
"380",2010.4,2021.3,57,60,FALSE,FALSE,128,380
"381",1949.1,2021.3,58,61,FALSE,FALSE,868,381
"382",2007.4,2021.3,60,170,FALSE,FALSE,165,382
"383",2009.2,2021.3,62,58,FALSE,FALSE,146,383
"384",1985.4,2021.3,64,32,FALSE,FALSE,429,384
"385",2013.3,2021.3,65,64,FALSE,FALSE,96,385
"386",2010.4,2021.3,66,60,FALSE,FALSE,128,386
"387",1960.4,2021.3,73,63,FALSE,FALSE,729,387
"388",2012.1,2021.3,74,101,FALSE,FALSE,113,388
"389",2013.3,2021.3,75,225,FALSE,FALSE,94,389
"390",2014.4,2021.3,76,16,FALSE,FALSE,79,390
"391",2011.1,2021.3,77,79,FALSE,FALSE,125,391
"392",2015.2,2021.3,80,83,FALSE,FALSE,74,392
"393",2010.4,2021.3,81,60,FALSE,FALSE,128,393
"394",1932.1,2021.3,82,11,FALSE,FALSE,1075,394
"395",1932.1,2021.3,83,11,FALSE,FALSE,1075,395
"396",1932.1,2021.3,84,11,FALSE,FALSE,1075,396
"397",2007.4,2021.3,93,95,FALSE,FALSE,165,397
"398",2010.2,2021.3,101,104,FALSE,FALSE,134,398
"399",2012.3,2021.3,105,27,FALSE,FALSE,107,399
"400",2013.4,2021.3,110,111,FALSE,FALSE,92,400
"401",1967.1,2021.3,111,12,FALSE,FALSE,655,401
"402",2007.4,2021.3,113,95,FALSE,FALSE,165,402
"403",2016.2,2021.3,119,120,FALSE,FALSE,62,403
"404",2014.4,2021.3,120,1,FALSE,FALSE,81,404
"405",2000.3,2021.3,124,125,FALSE,FALSE,252,405
"406",2014.1,2021.3,131,147,FALSE,FALSE,88,406
"407",2010.3,2021.3,132,40,FALSE,FALSE,132,407
"408",2014.2,2021.3,133,2,FALSE,FALSE,87,408
"409",1992.4,2021.3,137,140,FALSE,FALSE,345,409
"410",2017.3,2021.3,142,143,FALSE,FALSE,47,410
"411",2014.1,2021.3,145,147,FALSE,FALSE,88,411
"412",2004.3,2021.3,146,149,FALSE,FALSE,205,412
"413",1987.1,2021.3,147,13,FALSE,FALSE,413,413
"414",2012.4,2021.3,148,130,FALSE,FALSE,105,414
"415",2010.4,2021.3,161,60,FALSE,FALSE,128,415
"416",2014.4,2021.3,163,16,FALSE,FALSE,79,416
"417",2016.4,2021.3,165,166,FALSE,FALSE,58,417
"418",2015.2,2021.3,166,83,FALSE,FALSE,74,418
"419",2015.2,2021.3,167,83,FALSE,FALSE,74,419
"420",2017.3,2021.3,169,15,FALSE,FALSE,47,420
"421",2010.4,2021.3,173,60,FALSE,FALSE,128,421
"422",2014.4,2021.3,176,1,FALSE,FALSE,81,422
"423",2015.2,2021.3,177,81,FALSE,FALSE,74,423
"424",2012.3,2021.3,183,33,FALSE,FALSE,107,424
"425",2013.2,2021.3,185,46,FALSE,FALSE,100,425
"426",2014.4,2021.3,188,16,FALSE,FALSE,79,426
"427",2016.4,2021.3,190,166,FALSE,FALSE,58,427
"428",1932.1,2021.3,197,11,FALSE,FALSE,1075,428
"429",2013.2,2021.3,200,42,FALSE,FALSE,99,429
"430",2017.3,2021.3,201,15,FALSE,FALSE,47,430
"431",2015.2,2021.3,203,81,FALSE,FALSE,74,431
"432",2016.2,2021.3,204,206,FALSE,FALSE,63,432
"433",2013.1,2021.3,205,44,FALSE,FALSE,102,433
"434",2014.4,2021.3,207,1,FALSE,FALSE,81,434
"435",2015.2,2021.3,208,81,FALSE,FALSE,74,435
"436",2010.3,2021.3,209,40,FALSE,FALSE,132,436
"437",2010.4,2021.3,210,60,FALSE,FALSE,128,437
"438",2017.3,2021.3,211,15,FALSE,FALSE,47,438
"439",2009.2,2021.3,212,58,FALSE,FALSE,146,439
"440",2015.2,2021.3,214,83,FALSE,FALSE,74,440
"441",2015.2,2021.3,215,83,FALSE,FALSE,74,441
"442",2015.2,2021.3,216,83,FALSE,FALSE,74,442
"443",2015.2,2021.3,217,83,FALSE,FALSE,74,443
"444",2009.4,2021.3,221,88,FALSE,FALSE,139,444
"445",2013.3,2021.3,225,64,FALSE,FALSE,96,445
"446",2013.3,2021.3,228,64,FALSE,FALSE,96,446
"447",2010.3,2021.3,231,35,FALSE,FALSE,131,447
"448",2016.4,2021.3,232,166,FALSE,FALSE,58,448
"449",2015.2,2021.3,233,81,FALSE,FALSE,74,449
"450",2017.3,2021.3,235,15,FALSE,FALSE,47,450
"451",2015.2,2021.3,236,83,FALSE,FALSE,74,451
"452",2015.2,2021.3,238,239,FALSE,FALSE,74,452
"453",2017.3,2021.3,240,15,FALSE,FALSE,47,453
"454",2017.2,2021.3,241,242,FALSE,FALSE,52,454
"455",2010.2,2021.3,242,220,FALSE,FALSE,134,455
"456",2014.4,2021.3,247,16,FALSE,FALSE,79,456
"457",1997.2,2021.3,250,47,FALSE,FALSE,289,457
"458",2016.2,2021.3,251,206,FALSE,FALSE,63,458
"459",2014.4,2021.3,252,16,FALSE,FALSE,79,459
"460",2014.4,2021.3,253,1,FALSE,FALSE,81,460
"461",2013.2,2021.3,254,74,FALSE,FALSE,99,461
"462",2013.3,2021.3,257,64,FALSE,FALSE,96,462
"463",2004.3,2021.3,262,149,FALSE,FALSE,205,463
"464",2007.1,2021.3,266,284,FALSE,FALSE,173,464
"465",1993.3,2021.3,267,8,FALSE,FALSE,337,465
"466",2017.3,2021.3,268,143,FALSE,FALSE,47,466
"467",2008.2,2021.3,270,264,FALSE,FALSE,159,467
"468",2013.1,2021.3,275,44,FALSE,FALSE,102,468
"469",2010.3,2021.3,276,40,FALSE,FALSE,132,469
"470",2014.4,2021.3,278,1,FALSE,FALSE,81,470
"471",2014.4,2021.3,279,1,FALSE,FALSE,81,471
"472",2013.4,2021.3,280,113,FALSE,FALSE,93,472
"473",2016.1,2021.3,282,228,FALSE,FALSE,65,473
"474",2016.2,2021.3,292,206,FALSE,FALSE,63,474
"475",2013.2,2021.3,294,74,FALSE,FALSE,99,475
"476",2016.2,2021.3,298,206,FALSE,FALSE,63,476
"477",2015.2,2021.3,299,81,FALSE,FALSE,74,477
"478",1932.1,2021.3,300,11,FALSE,FALSE,1075,478
"479",2005.1,2021.3,301,244,FALSE,FALSE,197,479
"480",2016.2,2021.3,303,206,FALSE,FALSE,63,480
"481",2019.4,2021.3,305,18,FALSE,FALSE,20,481
"482",2005.1,2021.3,307,244,FALSE,FALSE,197,482
"483",2015.2,2021.3,309,83,FALSE,FALSE,74,483
"484",2019.2,2021.3,310,165,FALSE,FALSE,25,484
"485",1999.3,2021.3,311,243,FALSE,FALSE,262,485
"486",2011.2,2021.3,314,87,FALSE,FALSE,121,486
"487",2012.1,2021.3,317,101,FALSE,FALSE,113,487
"488",2009.2,2021.3,342,58,FALSE,FALSE,146,488
"489",2009.2,2021.3,346,312,FALSE,FALSE,147,489
"490",2010.2,2021.3,347,220,FALSE,FALSE,134,490
"491",2005.4,2021.3,351,354,FALSE,FALSE,188,491
"492",2012.1,2021.3,358,101,FALSE,FALSE,113,492
"493",2013.1,2021.3,359,44,FALSE,FALSE,102,493
"494",2013.3,2021.3,360,64,FALSE,FALSE,96,494
"495",2012.2,2021.3,361,362,FALSE,FALSE,112,495
"496",2011.3,2021.3,363,366,FALSE,FALSE,121,496
"497",2013.3,2021.3,368,64,FALSE,FALSE,96,497
"498",2009.1,2021.3,373,357,FALSE,FALSE,150,498
"499",2009.1,2021.3,378,357,FALSE,FALSE,150,499
"500",2012.1,2021.3,379,101,FALSE,FALSE,113,500
"501",1919.4,2021.3,380,369,FALSE,FALSE,1221,501
"502",2010.3,2021.3,383,35,FALSE,FALSE,131,502
"503",1964.1,2021.3,384,370,FALSE,FALSE,689,503
"504",2013.2,2021.3,386,74,FALSE,FALSE,99,504
"505",2012.2,2021.3,389,100,FALSE,FALSE,110,505
"506",2013.3,2021.3,390,360,FALSE,FALSE,95,506
"507",2010.2,2021.3,393,316,FALSE,FALSE,133,507
"508",2012.1,2021.3,396,101,FALSE,FALSE,113,508
"509",2012.2,2021.3,399,100,FALSE,FALSE,110,509
"510",2014.4,2021.3,402,259,FALSE,FALSE,79,510
"511",2014.4,2021.3,405,259,FALSE,FALSE,79,511
"512",2010.3,2021.3,406,408,FALSE,FALSE,130,512
"513",2014.4,2021.3,412,1,FALSE,FALSE,81,513
"514",2014.4,2021.3,415,259,FALSE,FALSE,79,514
"515",2017.3,2021.3,421,15,FALSE,FALSE,47,515
"516",2020.3,2021.3,423,133,FALSE,FALSE,12,516
"517",2019.4,2021.3,427,18,FALSE,FALSE,20,517
"518",2012.2,2021.3,429,430,FALSE,FALSE,110,518
"519",2012.2,2021.3,1,5,FALSE,FALSE,110,519
"520",1998.1,2021.3,18,20,FALSE,FALSE,280,520
"521",1992.3,2021.3,19,24,FALSE,FALSE,348,521
"522",1929.1,2021.3,22,10,FALSE,FALSE,1111,522
"523",2007.2,2021.3,27,31,FALSE,FALSE,171,523
"524",2011.1,2021.3,33,37,FALSE,FALSE,126,524
"525",2009.2,2021.3,35,436,FALSE,FALSE,147,525
"526",1986.2,2021.3,40,55,FALSE,FALSE,423,526
"527",2012.3,2021.3,41,33,FALSE,FALSE,107,527
"528",2010.1,2021.3,42,50,FALSE,FALSE,136,528
"529",2010.4,2021.3,44,60,FALSE,FALSE,128,529
"530",2009.4,2021.3,57,88,FALSE,FALSE,139,530
"531",1967.1,2021.3,58,12,FALSE,FALSE,655,531
"532",1988.1,2021.3,60,102,FALSE,FALSE,401,532
"533",2010.2,2021.3,62,59,FALSE,FALSE,134,533
"534",2001.1,2021.3,64,67,FALSE,FALSE,246,534
"535",1974.2,2021.3,65,103,FALSE,FALSE,565,535
"536",1986.2,2021.3,66,55,FALSE,FALSE,423,536
"537",1997.2,2021.3,73,47,FALSE,FALSE,289,537
"538",2013.3,2021.3,74,64,FALSE,FALSE,96,538
"539",2012.2,2021.3,75,100,FALSE,FALSE,110,539
"540",2014.4,2021.3,77,1,FALSE,FALSE,81,540
"541",2015.2,2021.3,80,84,FALSE,FALSE,74,541
"542",2011.2,2021.3,81,87,FALSE,FALSE,121,542
"543",2012.3,2021.3,82,33,FALSE,FALSE,107,543
"544",2012.3,2021.3,83,33,FALSE,FALSE,107,544
"545",2012.3,2021.3,84,33,FALSE,FALSE,107,545
"546",1984.4,2021.3,93,4,FALSE,FALSE,440,546
"547",2018.4,2021.3,101,226,FALSE,FALSE,33,547
"548",2012.4,2021.3,105,19,FALSE,FALSE,104,548
"549",2009.3,2021.3,110,112,FALSE,FALSE,144,549
"550",1984.4,2021.3,111,4,FALSE,FALSE,440,550
"551",1967.1,2021.3,113,12,FALSE,FALSE,655,551
"552",1944.4,2021.3,119,121,FALSE,FALSE,921,552
"553",1944.4,2021.3,120,121,FALSE,FALSE,921,553
"554",1989.2,2021.3,124,126,FALSE,FALSE,386,554
"555",2012.4,2021.3,132,19,FALSE,FALSE,104,555
"556",2014.4,2021.3,133,1,FALSE,FALSE,81,556
"557",2002.3,2021.3,137,141,FALSE,FALSE,229,557
"558",2017.3,2021.3,142,15,FALSE,FALSE,47,558
"559",2011.3,2021.3,146,150,FALSE,FALSE,120,559
"560",2001.2,2021.3,147,14,FALSE,FALSE,244,560
"561",2011.1,2021.3,148,122,FALSE,FALSE,125,561
"562",2017.4,2021.3,161,80,FALSE,FALSE,45,562
"563",2015.2,2021.3,165,81,FALSE,FALSE,74,563
"564",2015.2,2021.3,166,84,FALSE,FALSE,74,564
"565",2015.2,2021.3,167,84,FALSE,FALSE,74,565
"566",2014.4,2021.3,169,16,FALSE,FALSE,79,566
"567",2011.2,2021.3,173,85,FALSE,FALSE,124,567
"568",1932.1,2021.3,176,11,FALSE,FALSE,1075,568
"569",2016.2,2021.3,177,120,FALSE,FALSE,62,569
"570",2010.3,2021.3,183,35,FALSE,FALSE,131,570
"571",2002.1,2021.3,185,49,FALSE,FALSE,234,571
"572",2014.4,2021.3,188,26,FALSE,FALSE,79,572
"573",2015.2,2021.3,190,81,FALSE,FALSE,74,573
"574",1960.4,2021.3,197,63,FALSE,FALSE,729,574
"575",2014.4,2021.3,201,16,FALSE,FALSE,79,575
"576",2010.4,2021.3,203,60,FALSE,FALSE,128,576
"577",2012.3,2021.3,205,33,FALSE,FALSE,107,577
"578",2017.3,2021.3,207,15,FALSE,FALSE,47,578
"579",2010.4,2021.3,208,60,FALSE,FALSE,128,579
"580",2013.2,2021.3,209,42,FALSE,FALSE,99,580
"581",2010.3,2021.3,210,35,FALSE,FALSE,131,581
"582",2010.4,2021.3,211,60,FALSE,FALSE,128,582
"583",2010.2,2021.3,212,59,FALSE,FALSE,134,583
"584",2015.2,2021.3,214,84,FALSE,FALSE,74,584
"585",2015.2,2021.3,215,84,FALSE,FALSE,74,585
"586",2015.2,2021.3,216,84,FALSE,FALSE,74,586
"587",2015.2,2021.3,217,84,FALSE,FALSE,74,587
"588",2012.1,2021.3,225,101,FALSE,FALSE,113,588
"589",2013.2,2021.3,228,74,FALSE,FALSE,99,589
"590",2011.2,2021.3,231,85,FALSE,FALSE,124,590
"591",2015.2,2021.3,232,81,FALSE,FALSE,74,591
"592",2010.4,2021.3,233,60,FALSE,FALSE,128,592
"593",2019.2,2021.3,235,165,FALSE,FALSE,25,593
"594",2015.2,2021.3,236,84,FALSE,FALSE,74,594
"595",2015.2,2021.3,240,81,FALSE,FALSE,74,595
"596",1999.3,2021.3,241,243,FALSE,FALSE,262,596
"597",2010.3,2021.3,242,35,FALSE,FALSE,131,597
"598",2009.2,2021.3,250,58,FALSE,FALSE,146,598
"599",1974.2,2021.3,251,103,FALSE,FALSE,565,599
"600",2012.2,2021.3,254,100,FALSE,FALSE,110,600
"601",2013.2,2021.3,257,74,FALSE,FALSE,99,601
"602",2008.2,2021.3,262,264,FALSE,FALSE,159,602
"603",2001.2,2021.3,267,14,FALSE,FALSE,244,603
"604",2017.3,2021.3,268,15,FALSE,FALSE,47,604
"605",2001.1,2021.3,270,67,FALSE,FALSE,246,605
"606",1985.4,2021.3,275,32,FALSE,FALSE,429,606
"607",2012.3,2021.3,276,33,FALSE,FALSE,107,607
"608",1944.4,2021.3,279,121,FALSE,FALSE,921,608
"609",2003.3,2021.3,280,245,FALSE,FALSE,216,609
"610",2014.4,2021.3,282,1,FALSE,FALSE,81,610
"611",2014.4,2021.3,294,1,FALSE,FALSE,81,611
"612",2016.2,2021.3,299,206,FALSE,FALSE,63,612
"613",1960.4,2021.3,300,63,FALSE,FALSE,729,613
"614",2003.3,2021.3,301,245,FALSE,FALSE,216,614
"615",1932.1,2021.3,305,11,FALSE,FALSE,1075,615
"616",2003.3,2021.3,307,245,FALSE,FALSE,216,616
"617",2015.2,2021.3,309,84,FALSE,FALSE,74,617
"618",1997.2,2021.3,310,47,FALSE,FALSE,289,618
"619",2009.4,2021.3,314,88,FALSE,FALSE,139,619
"620",1987.1,2021.3,317,13,FALSE,FALSE,413,620
"621",2010.2,2021.3,342,59,FALSE,FALSE,134,621
"622",2010.4,2021.3,346,60,FALSE,FALSE,128,622
"623",2010.3,2021.3,347,35,FALSE,FALSE,131,623
"624",2007.1,2021.3,351,284,FALSE,FALSE,173,624
"625",1987.1,2021.3,358,13,FALSE,FALSE,413,625
"626",2010.3,2021.3,359,40,FALSE,FALSE,132,626
"627",2011.3,2021.3,360,66,FALSE,FALSE,121,627
"628",2012.3,2021.3,363,367,FALSE,FALSE,107,628
"629",1919.4,2021.3,368,369,FALSE,FALSE,1221,629
"630",2012.2,2021.3,373,375,FALSE,FALSE,110,630
"631",2007.1,2021.3,378,377,FALSE,FALSE,173,631
"632",2013.1,2021.3,379,358,FALSE,FALSE,100,632
"633",2010.2,2021.3,383,316,FALSE,FALSE,133,633
"634",2010.4,2021.3,384,60,FALSE,FALSE,128,634
"635",2013.1,2021.3,386,372,FALSE,FALSE,102,635
"636",2013.2,2021.3,389,74,FALSE,FALSE,99,636
"637",2014.2,2021.3,390,383,FALSE,FALSE,86,637
"638",2010.4,2021.3,393,60,FALSE,FALSE,128,638
"639",2013.2,2021.3,396,74,FALSE,FALSE,99,639
"640",2013.2,2021.3,399,74,FALSE,FALSE,99,640
"641",2013.4,2021.3,402,258,FALSE,FALSE,91,641
"642",2015.2,2021.3,405,239,FALSE,FALSE,74,642
"643",2012.2,2021.3,406,409,FALSE,FALSE,109,643
"644",1984.4,2021.3,412,4,FALSE,FALSE,440,644
"645",2015.2,2021.3,415,239,FALSE,FALSE,74,645
"646",2020.1,2021.3,423,406,FALSE,FALSE,17,646
"647",2013.4,2021.3,427,258,FALSE,FALSE,91,647
"648",1932.1,2021.3,429,11,FALSE,FALSE,1075,648
"649",1958.1,2021.3,1,6,FALSE,FALSE,763,649
"650",1981.1,2021.3,19,25,FALSE,FALSE,485,650
"651",1932.1,2021.3,22,11,FALSE,FALSE,1075,651
"652",2012.2,2021.3,27,5,FALSE,FALSE,110,652
"653",2011.1,2021.3,33,122,FALSE,FALSE,125,653
"654",2009.2,2021.3,35,437,FALSE,FALSE,146,654
"655",1998.4,2021.3,40,320,FALSE,FALSE,271,655
"656",2013.1,2021.3,41,44,FALSE,FALSE,102,656
"657",2011.3,2021.3,42,51,FALSE,FALSE,121,657
"658",2011.2,2021.3,44,85,FALSE,FALSE,124,658
"659",2010.2,2021.3,57,316,FALSE,FALSE,133,659
"660",2010.3,2021.3,60,35,FALSE,FALSE,131,660
"661",2010.4,2021.3,62,60,FALSE,FALSE,128,661
"662",2001.1,2021.3,64,68,FALSE,FALSE,246,662
"663",2010.4,2021.3,65,60,FALSE,FALSE,128,663
"664",1993.4,2021.3,66,317,FALSE,FALSE,333,664
"665",2013.3,2021.3,73,64,FALSE,FALSE,96,665
"666",2012.2,2021.3,74,430,FALSE,FALSE,110,666
"667",2013.2,2021.3,75,74,FALSE,FALSE,99,667
"668",2012.3,2021.3,77,33,FALSE,FALSE,107,668
"669",2014.4,2021.3,80,1,FALSE,FALSE,81,669
"670",2014.4,2021.3,82,1,FALSE,FALSE,81,670
"671",1991.4,2021.3,83,71,FALSE,FALSE,356,671
"672",1991.4,2021.3,84,71,FALSE,FALSE,356,672
"673",1998.1,2021.3,93,96,FALSE,FALSE,281,673
"674",2008.2,2021.3,101,227,FALSE,FALSE,157,674
"675",2012.3,2021.3,105,33,FALSE,FALSE,107,675
"676",2013.4,2021.3,110,113,FALSE,FALSE,93,676
"677",1987.1,2021.3,111,13,FALSE,FALSE,413,677
"678",2011.4,2021.3,113,116,FALSE,FALSE,116,678
"679",2010.3,2021.3,119,35,FALSE,FALSE,131,679
"680",2010.3,2021.3,120,35,FALSE,FALSE,131,680
"681",2019.4,2021.3,133,18,FALSE,FALSE,20,681
"682",2015.2,2021.3,142,144,FALSE,FALSE,75,682
"683",2009.3,2021.3,146,7,FALSE,FALSE,144,683
"684",2004.4,2021.3,147,30,FALSE,FALSE,200,684
"685",2007.3,2021.3,148,123,FALSE,FALSE,167,685
"686",2015.2,2021.3,161,81,FALSE,FALSE,74,686
"687",2010.4,2021.3,165,60,FALSE,FALSE,128,687
"688",2014.4,2021.3,166,1,FALSE,FALSE,81,688
"689",2014.4,2021.3,167,1,FALSE,FALSE,81,689
"690",2012.3,2021.3,173,33,FALSE,FALSE,107,690
"691",1960.4,2021.3,176,63,FALSE,FALSE,729,691
"692",2013.2,2021.3,183,42,FALSE,FALSE,99,692
"693",1986.2,2021.3,185,55,FALSE,FALSE,423,693
"694",2010.3,2021.3,188,40,FALSE,FALSE,132,694
"695",2010.4,2021.3,190,60,FALSE,FALSE,128,695
"696",2014.4,2021.3,197,1,FALSE,FALSE,81,696
"697",2019.2,2021.3,201,165,FALSE,FALSE,25,697
"698",2010.3,2021.3,203,35,FALSE,FALSE,131,698
"699",2015.2,2021.3,205,81,FALSE,FALSE,74,699
"700",2010.4,2021.3,207,60,FALSE,FALSE,128,700
"701",2010.3,2021.3,208,35,FALSE,FALSE,131,701
"702",2011.2,2021.3,210,85,FALSE,FALSE,124,702
"703",2010.3,2021.3,211,35,FALSE,FALSE,131,703
"704",2018.4,2021.3,212,62,FALSE,FALSE,34,704
"705",2014.4,2021.3,214,1,FALSE,FALSE,81,705
"706",2014.4,2021.3,215,1,FALSE,FALSE,81,706
"707",2014.4,2021.3,216,1,FALSE,FALSE,81,707
"708",2014.4,2021.3,217,1,FALSE,FALSE,81,708
"709",2012.1,2021.3,228,101,FALSE,FALSE,113,709
"710",2020.3,2021.3,232,208,FALSE,FALSE,13,710
"711",2010.3,2021.3,233,35,FALSE,FALSE,131,711
"712",2019.1,2021.3,235,167,FALSE,FALSE,28,712
"713",2014.4,2021.3,236,1,FALSE,FALSE,81,713
"714",2019.2,2021.3,240,165,FALSE,FALSE,25,714
"715",2005.1,2021.3,241,244,FALSE,FALSE,197,715
"716",2015.4,2021.3,242,145,FALSE,FALSE,68,716
"717",2010.2,2021.3,250,59,FALSE,FALSE,134,717
"718",2012.1,2021.3,254,101,FALSE,FALSE,113,718
"719",2012.1,2021.3,257,101,FALSE,FALSE,113,719
"720",1998.1,2021.3,262,20,FALSE,FALSE,280,720
"721",2012.3,2021.3,267,27,FALSE,FALSE,107,721
"722",2015.2,2021.3,268,144,FALSE,FALSE,75,722
"723",2014.4,2021.3,270,1,FALSE,FALSE,81,723
"724",1986.2,2021.3,276,55,FALSE,FALSE,423,724
"725",2018.1,2021.3,280,168,FALSE,FALSE,41,725
"726",2017.2,2021.3,282,238,FALSE,FALSE,51,726
"727",2017.3,2021.3,294,143,FALSE,FALSE,47,727
"728",2010.3,2021.3,300,35,FALSE,FALSE,131,728
"729",2017.3,2021.3,301,15,FALSE,FALSE,47,729
"730",1960.4,2021.3,305,63,FALSE,FALSE,729,730
"731",2015.2,2021.3,307,84,FALSE,FALSE,74,731
"732",2014.4,2021.3,309,1,FALSE,FALSE,81,732
"733",2013.3,2021.3,310,64,FALSE,FALSE,96,733
"734",2010.4,2021.3,342,60,FALSE,FALSE,128,734
"735",2010.3,2021.3,346,35,FALSE,FALSE,131,735
"736",2010.2,2021.3,347,316,FALSE,FALSE,133,736
"737",2009.1,2021.3,351,355,FALSE,FALSE,150,737
"738",1993.4,2021.3,358,317,FALSE,FALSE,333,738
"739",2012.4,2021.3,359,19,FALSE,FALSE,104,739
"740",2012.3,2021.3,360,57,FALSE,FALSE,107,740
"741",1974.2,2021.3,368,103,FALSE,FALSE,565,741
"742",2013.2,2021.3,373,376,FALSE,FALSE,97,742
"743",1987.1,2021.3,379,13,FALSE,FALSE,413,743
"744",2010.4,2021.3,383,60,FALSE,FALSE,128,744
"745",2012.3,2021.3,384,385,FALSE,FALSE,109,745
"746",2013.4,2021.3,386,258,FALSE,FALSE,91,746
"747",2013.4,2021.3,389,388,FALSE,FALSE,91,747
"748",2011.3,2021.3,390,66,FALSE,FALSE,121,748
"749",2011.2,2021.3,393,342,FALSE,FALSE,123,749
"750",2014.4,2021.3,396,259,FALSE,FALSE,79,750
"751",2013.4,2021.3,399,388,FALSE,FALSE,91,751
"752",2014.1,2021.3,402,379,FALSE,FALSE,88,752
"753",2016.1,2021.3,405,228,FALSE,FALSE,65,753
"754",2019.4,2021.3,406,410,FALSE,FALSE,21,754
"755",2017.4,2021.3,412,413,FALSE,FALSE,46,755
"756",2016.1,2021.3,415,228,FALSE,FALSE,65,756
"757",2019.4,2021.3,423,18,FALSE,FALSE,20,757
"758",1997.2,2021.3,427,47,FALSE,FALSE,289,758
"759",1960.4,2021.3,429,63,FALSE,FALSE,729,759
"760",2009.3,2021.3,1,7,FALSE,FALSE,144,760
"761",2014.4,2021.3,19,26,FALSE,FALSE,79,761
"762",1967.1,2021.3,22,12,FALSE,FALSE,655,762
"763",1984.4,2021.3,27,4,FALSE,FALSE,440,763
"764",2007.3,2021.3,33,123,FALSE,FALSE,167,764
"765",2009.3,2021.3,35,438,FALSE,FALSE,142,765
"766",1914.1,2021.3,40,9,FALSE,FALSE,1291,766
"767",2015.2,2021.3,41,144,FALSE,FALSE,75,767
"768",2012.2,2021.3,42,52,FALSE,FALSE,112,768
"769",2011.1,2021.3,44,122,FALSE,FALSE,125,769
"770",1988.1,2021.3,57,102,FALSE,FALSE,401,770
"771",2009.3,2021.3,60,434,FALSE,FALSE,143,771
"772",1960.4,2021.3,62,63,FALSE,FALSE,729,772
"773",2007.3,2021.3,64,69,FALSE,FALSE,167,773
"774",1964.1,2021.3,65,370,FALSE,FALSE,689,774
"775",2009.4,2021.3,66,441,FALSE,FALSE,140,775
"776",2009.2,2021.3,73,58,FALSE,FALSE,146,776
"777",2012.3,2021.3,74,397,FALSE,FALSE,108,777
"778",2013.4,2021.3,75,388,FALSE,FALSE,91,778
"779",2013.1,2021.3,77,44,FALSE,FALSE,102,779
"780",2017.3,2021.3,80,15,FALSE,FALSE,47,780
"781",1991.4,2021.3,82,71,FALSE,FALSE,356,781
"782",2014.4,2021.3,83,1,FALSE,FALSE,81,782
"783",2014.4,2021.3,84,1,FALSE,FALSE,81,783
"784",2001.2,2021.3,93,97,FALSE,FALSE,242,784
"785",2013.1,2021.3,101,44,FALSE,FALSE,102,785
"786",2010.3,2021.3,105,40,FALSE,FALSE,132,786
"787",1986.2,2021.3,110,55,FALSE,FALSE,423,787
"788",1964.1,2021.3,111,330,FALSE,FALSE,691,788
"789",1984.4,2021.3,113,4,FALSE,FALSE,440,789
"790",2010.4,2021.3,119,60,FALSE,FALSE,128,790
"791",2010.4,2021.3,120,60,FALSE,FALSE,128,791
"792",2009.1,2021.3,146,151,FALSE,FALSE,148,792
"793",1998.2,2021.3,147,39,FALSE,FALSE,277,793
"794",2015.2,2021.3,161,82,FALSE,FALSE,74,794
"795",2010.3,2021.3,165,35,FALSE,FALSE,131,795
"796",2010.4,2021.3,166,60,FALSE,FALSE,128,796
"797",2017.3,2021.3,167,15,FALSE,FALSE,47,797
"798",2018.1,2021.3,176,179,FALSE,FALSE,40,798
"799",2010.4,2021.3,183,60,FALSE,FALSE,128,799
"800",2011.3,2021.3,185,150,FALSE,FALSE,120,800
"801",2001.1,2021.3,188,117,FALSE,FALSE,245,801
"802",2010.3,2021.3,190,35,FALSE,FALSE,131,802
"803",2013.2,2021.3,197,42,FALSE,FALSE,99,803
"804",2012.3,2021.3,203,33,FALSE,FALSE,107,804
"805",2010.4,2021.3,205,60,FALSE,FALSE,128,805
"806",2010.3,2021.3,207,35,FALSE,FALSE,131,806
"807",2011.2,2021.3,208,85,FALSE,FALSE,124,807
"808",2011.2,2021.3,211,85,FALSE,FALSE,124,808
"809",2011.3,2021.3,212,66,FALSE,FALSE,121,809
"810",2010.4,2021.3,214,60,FALSE,FALSE,128,810
"811",2010.4,2021.3,215,60,FALSE,FALSE,128,811
"812",2010.4,2021.3,216,60,FALSE,FALSE,128,812
"813",2010.4,2021.3,217,60,FALSE,FALSE,128,813
"814",2014.4,2021.3,228,229,FALSE,FALSE,81,814
"815",2010.4,2021.3,232,60,FALSE,FALSE,128,815
"816",2011.2,2021.3,233,85,FALSE,FALSE,124,816
"817",2017.3,2021.3,236,15,FALSE,FALSE,47,817
"818",2010.4,2021.3,240,60,FALSE,FALSE,128,818
"819",2003.3,2021.3,241,245,FALSE,FALSE,216,819
"820",2018.4,2021.3,250,62,FALSE,FALSE,34,820
"821",2016.1,2021.3,254,228,FALSE,FALSE,65,821
"822",2013.4,2021.3,257,258,FALSE,FALSE,91,822
"823",1986.2,2021.3,262,55,FALSE,FALSE,423,823
"824",2013.2,2021.3,267,42,FALSE,FALSE,99,824
"825",2003.4,2021.3,276,107,FALSE,FALSE,214,825
"826",2014.4,2021.3,280,1,FALSE,FALSE,81,826
"827",2013.1,2021.3,282,44,FALSE,FALSE,102,827
"828",2009.3,2021.3,294,296,FALSE,FALSE,142,828
"829",2010.4,2021.3,300,60,FALSE,FALSE,128,829
"830",2019.2,2021.3,301,165,FALSE,FALSE,25,830
"831",2008.2,2021.3,305,3,FALSE,FALSE,157,831
"832",2017.3,2021.3,307,15,FALSE,FALSE,47,832
"833",2010.4,2021.3,309,60,FALSE,FALSE,128,833
"834",2019.4,2021.3,310,18,FALSE,FALSE,20,834
"835",2010.4,2021.3,347,60,FALSE,FALSE,128,835
"836",2009.1,2021.3,351,356,FALSE,FALSE,148,836
"837",2008.2,2021.3,358,3,FALSE,FALSE,157,837
"838",2013.2,2021.3,360,256,FALSE,FALSE,99,838
"839",1964.1,2021.3,368,370,FALSE,FALSE,689,839
"840",2007.1,2021.3,373,284,FALSE,FALSE,173,840
"841",1993.4,2021.3,379,317,FALSE,FALSE,333,841
"842",2011.2,2021.3,383,342,FALSE,FALSE,123,842
"843",2014.4,2021.3,384,1,FALSE,FALSE,81,843
"844",2013.4,2021.3,386,388,FALSE,FALSE,91,844
"845",2015.2,2021.3,389,239,FALSE,FALSE,74,845
"846",2012.1,2021.3,390,371,FALSE,FALSE,114,846
"847",2011.2,2021.3,393,85,FALSE,FALSE,124,847
"848",2012.3,2021.3,396,397,FALSE,FALSE,108,848
"849",2014.4,2021.3,399,259,FALSE,FALSE,79,849
"850",2014.4,2021.3,402,1,FALSE,FALSE,81,850
"851",2013.4,2021.3,405,258,FALSE,FALSE,91,851
"852",2012.2,2021.3,406,5,FALSE,FALSE,110,852
"853",2019.4,2021.3,412,410,FALSE,FALSE,21,853
"854",2013.4,2021.3,415,258,FALSE,FALSE,91,854
"855",1992.3,2021.3,423,24,FALSE,FALSE,348,855
"856",2020.2,2021.3,427,250,FALSE,FALSE,14,856
"857",2014.4,2021.3,429,1,FALSE,FALSE,81,857
"858",1993.3,2021.3,1,8,FALSE,FALSE,337,858
"859",2012.3,2021.3,19,27,FALSE,FALSE,107,859
"860",1986.2,2021.3,22,55,FALSE,FALSE,423,860
"861",1985.4,2021.3,27,32,FALSE,FALSE,429,861
"862",2009.3,2021.3,33,181,FALSE,FALSE,142,862
"863",2010.1,2021.3,35,439,FALSE,FALSE,137,863
"864",1929.1,2021.3,40,10,FALSE,FALSE,1111,864
"865",1998.2,2021.3,41,39,FALSE,FALSE,277,865
"866",2011.1,2021.3,42,53,FALSE,FALSE,127,866
"867",2007.3,2021.3,44,123,FALSE,FALSE,167,867
"868",1987.1,2021.3,57,13,FALSE,FALSE,413,868
"869",2008.3,2021.3,60,440,FALSE,FALSE,154,869
"870",2013.3,2021.3,62,64,FALSE,FALSE,96,870
"871",1967.4,2021.3,64,70,FALSE,FALSE,645,871
"872",2009.2,2021.3,65,58,FALSE,FALSE,146,872
"873",2010.2,2021.3,73,59,FALSE,FALSE,134,873
"874",2013.1,2021.3,74,372,FALSE,FALSE,102,874
"875",2014.4,2021.3,75,259,FALSE,FALSE,79,875
"876",2015.4,2021.3,77,17,FALSE,FALSE,68,876
"877",2010.4,2021.3,80,60,FALSE,FALSE,128,877
"878",1986.2,2021.3,82,55,FALSE,FALSE,423,878
"879",1986.2,2021.3,83,55,FALSE,FALSE,423,879
"880",1986.2,2021.3,84,55,FALSE,FALSE,423,880
"881",2004.2,2021.3,93,98,FALSE,FALSE,205,881
"882",2013.1,2021.3,105,44,FALSE,FALSE,102,882
"883",1984.4,2021.3,110,4,FALSE,FALSE,440,883
"884",1965.1,2021.3,111,331,FALSE,FALSE,679,884
"885",1987.1,2021.3,113,13,FALSE,FALSE,413,885
"886",2011.2,2021.3,119,85,FALSE,FALSE,124,886
"887",2011.2,2021.3,120,85,FALSE,FALSE,124,887
"888",2007.2,2021.3,146,152,FALSE,FALSE,171,888
"889",2013.2,2021.3,147,42,FALSE,FALSE,99,889
"890",2015.2,2021.3,161,84,FALSE,FALSE,74,890
"891",2011.2,2021.3,165,85,FALSE,FALSE,124,891
"892",2010.3,2021.3,166,35,FALSE,FALSE,131,892
"893",2010.4,2021.3,167,60,FALSE,FALSE,128,893
"894",2017.3,2021.3,176,15,FALSE,FALSE,47,894
"895",2015.2,2021.3,183,81,FALSE,FALSE,74,895
"896",1993.4,2021.3,185,186,FALSE,FALSE,333,896
"897",2018.4,2021.3,188,189,FALSE,FALSE,32,897
"898",2011.2,2021.3,190,85,FALSE,FALSE,124,898
"899",2017.3,2021.3,197,15,FALSE,FALSE,47,899
"900",2016.2,2021.3,203,120,FALSE,FALSE,62,900
"901",2010.3,2021.3,205,35,FALSE,FALSE,131,901
"902",2019.1,2021.3,207,167,FALSE,FALSE,28,902
"903",2013.2,2021.3,212,74,FALSE,FALSE,99,903
"904",2010.3,2021.3,214,35,FALSE,FALSE,131,904
"905",2010.3,2021.3,215,35,FALSE,FALSE,131,905
"906",2010.3,2021.3,216,35,FALSE,FALSE,131,906
"907",2010.3,2021.3,217,35,FALSE,FALSE,131,907
"908",2010.3,2021.3,232,35,FALSE,FALSE,131,908
"909",2016.2,2021.3,233,120,FALSE,FALSE,62,909
"910",2010.4,2021.3,236,60,FALSE,FALSE,128,910
"911",2010.3,2021.3,240,35,FALSE,FALSE,131,911
"912",2014.1,2021.3,241,147,FALSE,FALSE,88,912
"913",2013.3,2021.3,250,64,FALSE,FALSE,96,913
"914",2009.2,2021.3,254,255,FALSE,FALSE,146,914
"915",2014.4,2021.3,257,259,FALSE,FALSE,79,915
"916",1984.4,2021.3,262,4,FALSE,FALSE,440,916
"917",1960.4,2021.3,267,63,FALSE,FALSE,729,917
"918",1996.4,2021.3,276,56,FALSE,FALSE,295,918
"919",2017.3,2021.3,280,15,FALSE,FALSE,47,919
"920",1960.4,2021.3,294,63,FALSE,FALSE,729,920
"921",2015.2,2021.3,300,83,FALSE,FALSE,74,921
"922",1984.4,2021.3,301,4,FALSE,FALSE,440,922
"923",2020.1,2021.3,305,173,FALSE,FALSE,17,923
"924",2019.2,2021.3,307,165,FALSE,FALSE,25,924
"925",2010.3,2021.3,309,35,FALSE,FALSE,131,925
"926",2009.1,2021.3,351,357,FALSE,FALSE,150,926
"927",2010.3,2021.3,358,318,FALSE,FALSE,132,927
"928",2010.4,2021.3,368,60,FALSE,FALSE,128,928
"929",2007.1,2021.3,373,377,FALSE,FALSE,173,929
"930",2008.2,2021.3,379,3,FALSE,FALSE,157,930
"931",2013.3,2021.3,383,64,FALSE,FALSE,96,931
"932",2014.4,2021.3,386,259,FALSE,FALSE,79,932
"933",2012.3,2021.3,390,57,FALSE,FALSE,107,933
"934",2011.3,2021.3,393,395,FALSE,FALSE,119,934
"935",2016.1,2021.3,396,228,FALSE,FALSE,65,935
"936",2014.4,2021.3,399,1,FALSE,FALSE,81,936
"937",2014.2,2021.3,402,383,FALSE,FALSE,86,937
"938",1997.2,2021.3,405,47,FALSE,FALSE,289,938
"939",2008.2,2021.3,406,3,FALSE,FALSE,157,939
"940",2019.4,2021.3,412,414,FALSE,FALSE,21,940
"941",1997.2,2021.3,415,47,FALSE,FALSE,289,941
"942",1984.4,2021.3,427,4,FALSE,FALSE,440,942
"943",1992.3,2021.3,429,24,FALSE,FALSE,348,943
"944",1914.1,2021.3,1,9,FALSE,FALSE,1291,944
"945",1967.4,2021.3,22,433,FALSE,FALSE,645,945
"946",2012.3,2021.3,27,33,FALSE,FALSE,107,946
"947",2012.1,2021.3,33,182,FALSE,FALSE,113,947
"948",1932.1,2021.3,40,11,FALSE,FALSE,1075,948
"949",2013.2,2021.3,41,46,FALSE,FALSE,100,949
"950",2013.1,2021.3,42,54,FALSE,FALSE,101,950
"951",1986.2,2021.3,44,28,FALSE,FALSE,422,951
"952",1993.4,2021.3,57,317,FALSE,FALSE,333,952
"953",2009.4,2021.3,60,88,FALSE,FALSE,139,953
"954",2014.2,2021.3,62,65,FALSE,FALSE,87,954
"955",1991.4,2021.3,64,71,FALSE,FALSE,356,955
"956",2010.2,2021.3,65,59,FALSE,FALSE,134,956
"957",2011.3,2021.3,73,66,FALSE,FALSE,121,957
"958",2011.4,2021.3,75,343,FALSE,FALSE,118,958
"959",2012.3,2021.3,77,27,FALSE,FALSE,107,959
"960",2010.3,2021.3,80,35,FALSE,FALSE,131,960
"961",1997.2,2021.3,82,90,FALSE,FALSE,289,961
"962",1996.4,2021.3,83,56,FALSE,FALSE,295,962
"963",1996.4,2021.3,84,56,FALSE,FALSE,295,963
"964",2008.2,2021.3,93,3,FALSE,FALSE,157,964
"965",1986.2,2021.3,111,55,FALSE,FALSE,423,965
"966",2001.1,2021.3,113,117,FALSE,FALSE,245,966
"967",2012.3,2021.3,119,33,FALSE,FALSE,107,967
"968",2007.3,2021.3,120,123,FALSE,FALSE,167,968
"969",2010.1,2021.3,146,153,FALSE,FALSE,137,969
"970",2013.1,2021.3,147,44,FALSE,FALSE,102,970
"971",2011.2,2021.3,161,85,FALSE,FALSE,124,971
"972",2019.1,2021.3,165,167,FALSE,FALSE,28,972
"973",2011.2,2021.3,166,85,FALSE,FALSE,124,973
"974",2010.3,2021.3,167,35,FALSE,FALSE,131,974
"975",2015.2,2021.3,183,82,FALSE,FALSE,74,975
"976",1994.4,2021.3,185,187,FALSE,FALSE,321,976
"977",1995.3,2021.3,188,260,FALSE,FALSE,311,977
"978",2015.2,2021.3,197,81,FALSE,FALSE,74,978
"979",2012.1,2021.3,212,101,FALSE,FALSE,113,979
"980",2011.2,2021.3,214,85,FALSE,FALSE,124,980
"981",2011.2,2021.3,215,85,FALSE,FALSE,124,981
"982",2011.2,2021.3,216,85,FALSE,FALSE,124,982
"983",2011.2,2021.3,217,85,FALSE,FALSE,124,983
"984",2011.2,2021.3,232,85,FALSE,FALSE,124,984
"985",2019.2,2021.3,233,165,FALSE,FALSE,25,985
"986",2010.3,2021.3,236,35,FALSE,FALSE,131,986
"987",2011.2,2021.3,240,85,FALSE,FALSE,124,987
"988",2011.3,2021.3,250,66,FALSE,FALSE,121,988
"989",2013.2,2021.3,254,256,FALSE,FALSE,99,989
"990",1998.2,2021.3,262,39,FALSE,FALSE,277,990
"991",2014.3,2021.3,267,128,FALSE,FALSE,83,991
"992",2008.2,2021.3,276,3,FALSE,FALSE,157,992
"993",1992.3,2021.3,294,24,FALSE,FALSE,348,993
"994",2012.2,2021.3,301,5,FALSE,FALSE,110,994
"995",1993.3,2021.3,305,8,FALSE,FALSE,337,995
"996",1984.4,2021.3,307,4,FALSE,FALSE,440,996
"997",2011.2,2021.3,309,85,FALSE,FALSE,124,997
"998",2012.2,2021.3,358,349,FALSE,FALSE,109,998
"999",2012.2,2021.3,368,221,FALSE,FALSE,111,999
"1000",2009.3,2021.3,373,378,FALSE,FALSE,142,1000
"1001",2010.3,2021.3,379,318,FALSE,FALSE,132,1001
"1002",2013.3,2021.3,383,225,FALSE,FALSE,94,1002
"1003",2014.4,2021.3,386,1,FALSE,FALSE,81,1003
"1004",2012.3,2021.3,390,392,FALSE,FALSE,109,1004
"1005",2012.1,2021.3,393,347,FALSE,FALSE,113,1005
"1006",2011.4,2021.3,396,343,FALSE,FALSE,118,1006
"1007",2015.4,2021.3,399,390,FALSE,FALSE,68,1007
"1008",2015.2,2021.3,402,239,FALSE,FALSE,74,1008
"1009",2014.4,2021.3,405,1,FALSE,FALSE,81,1009
"1010",1984.4,2021.3,406,4,FALSE,FALSE,440,1010
"1011",2019.3,2021.3,412,415,FALSE,FALSE,25,1011
"1012",2014.4,2021.3,415,1,FALSE,FALSE,81,1012
"1013",2017.1,2021.3,427,428,FALSE,FALSE,53,1013
"1014",2010.4,2021.3,429,60,FALSE,FALSE,128,1014
"1015",1929.1,2021.3,1,10,FALSE,FALSE,1111,1015
"1016",1985.4,2021.3,22,32,FALSE,FALSE,429,1016
"1017",1992.3,2021.3,27,24,FALSE,FALSE,348,1017
"1018",2005.2,2021.3,33,222,FALSE,FALSE,193,1018
"1019",1967.1,2021.3,40,12,FALSE,FALSE,655,1019
"1020",2012.3,2021.3,41,27,FALSE,FALSE,107,1020
"1021",2012.3,2021.3,42,27,FALSE,FALSE,107,1021
"1022",2009.3,2021.3,44,181,FALSE,FALSE,142,1022
"1023",2008.2,2021.3,57,3,FALSE,FALSE,157,1023
"1024",2010.2,2021.3,60,316,FALSE,FALSE,133,1024
"1025",2011.3,2021.3,62,66,FALSE,FALSE,121,1025
"1026",1986.2,2021.3,64,55,FALSE,FALSE,423,1026
"1027",2011.3,2021.3,65,66,FALSE,FALSE,121,1027
"1028",2008.2,2021.3,73,3,FALSE,FALSE,157,1028
"1029",2013.2,2021.3,75,398,FALSE,FALSE,99,1029
"1030",2014.3,2021.3,77,128,FALSE,FALSE,83,1030
"1031",2013.1,2021.3,80,44,FALSE,FALSE,102,1031
"1032",2012.3,2021.3,82,27,FALSE,FALSE,107,1032
"1033",1997.2,2021.3,83,90,FALSE,FALSE,289,1033
"1034",1997.2,2021.3,84,90,FALSE,FALSE,289,1034
"1035",1986.2,2021.3,93,55,FALSE,FALSE,423,1035
"1036",1963.1,2021.3,111,332,FALSE,FALSE,703,1036
"1037",1996.4,2021.3,113,115,FALSE,FALSE,298,1037
"1038",2015.3,2021.3,120,124,FALSE,FALSE,72,1038
"1039",2013.2,2021.3,146,42,FALSE,FALSE,99,1039
"1040",1986.2,2021.3,147,55,FALSE,FALSE,423,1040
"1041",2018.1,2021.3,165,168,FALSE,FALSE,41,1041
"1042",2013.1,2021.3,166,44,FALSE,FALSE,102,1042
"1043",2011.2,2021.3,167,85,FALSE,FALSE,124,1043
"1044",2015.2,2021.3,183,83,FALSE,FALSE,74,1044
"1045",2006.1,2021.3,188,261,FALSE,FALSE,184,1045
"1046",2010.4,2021.3,197,60,FALSE,FALSE,128,1046
"1047",2017.3,2021.3,212,249,FALSE,FALSE,49,1047
"1048",2013.1,2021.3,214,44,FALSE,FALSE,102,1048
"1049",2013.1,2021.3,217,44,FALSE,FALSE,102,1049
"1050",2011.2,2021.3,236,85,FALSE,FALSE,124,1050
"1051",2018.1,2021.3,240,168,FALSE,FALSE,41,1051
"1052",2013.2,2021.3,250,74,FALSE,FALSE,99,1052
"1053",2014.4,2021.3,254,259,FALSE,FALSE,79,1053
"1054",2014.4,2021.3,262,1,FALSE,FALSE,81,1054
"1055",2014.3,2021.3,267,285,FALSE,FALSE,83,1055
"1056",1998.3,2021.3,276,277,FALSE,FALSE,274,1056
"1057",1998.3,2021.3,294,297,FALSE,FALSE,275,1057
"1058",2012.3,2021.3,305,33,FALSE,FALSE,107,1058
"1059",2008.4,2021.3,358,348,FALSE,FALSE,151,1059
"1060",2009.2,2021.3,368,58,FALSE,FALSE,146,1060
"1061",2012.2,2021.3,379,349,FALSE,FALSE,109,1061
"1062",2009.2,2021.3,383,58,FALSE,FALSE,146,1062
"1063",2011.4,2021.3,386,343,FALSE,FALSE,118,1063
"1064",2013.2,2021.3,390,256,FALSE,FALSE,99,1064
"1065",2015.4,2021.3,393,390,FALSE,FALSE,68,1065
"1066",2013.2,2021.3,396,398,FALSE,FALSE,99,1066
"1067",2013.3,2021.3,399,360,FALSE,FALSE,95,1067
"1068",2017.3,2021.3,405,15,FALSE,FALSE,47,1068
"1069",1987.1,2021.3,406,13,FALSE,FALSE,413,1069
"1070",2020.2,2021.3,412,250,FALSE,FALSE,14,1070
"1071",2009.2,2021.3,415,58,FALSE,FALSE,146,1071
"1072",2014.2,2021.3,427,2,FALSE,FALSE,87,1072
"1073",2012.3,2021.3,429,385,FALSE,FALSE,109,1073
"1074",1932.1,2021.3,1,11,FALSE,FALSE,1075,1074
"1075",2010.3,2021.3,22,40,FALSE,FALSE,132,1075
"1076",2009.3,2021.3,27,38,FALSE,FALSE,142,1076
"1077",2001.1,2021.3,33,223,FALSE,FALSE,246,1077
"1078",1967.4,2021.3,40,433,FALSE,FALSE,645,1078
"1079",2010.3,2021.3,42,40,FALSE,FALSE,132,1079
"1080",2012.1,2021.3,44,182,FALSE,FALSE,113,1080
"1081",2010.3,2021.3,57,318,FALSE,FALSE,132,1081
"1082",2012.1,2021.3,62,101,FALSE,FALSE,113,1082
"1083",2010.4,2021.3,64,72,FALSE,FALSE,129,1083
"1084",2009.3,2021.3,65,99,FALSE,FALSE,144,1084
"1085",2013.2,2021.3,73,74,FALSE,FALSE,99,1085
"1086",2013.1,2021.3,75,372,FALSE,FALSE,102,1086
"1087",2011.2,2021.3,77,22,FALSE,FALSE,122,1087
"1088",2011.2,2021.3,80,85,FALSE,FALSE,124,1088
"1089",2013.1,2021.3,82,44,FALSE,FALSE,102,1089
"1090",2012.3,2021.3,83,27,FALSE,FALSE,107,1090
"1091",2012.3,2021.3,84,27,FALSE,FALSE,107,1091
"1092",2001.1,2021.3,111,117,FALSE,FALSE,245,1092
"1093",2013.3,2021.3,146,154,FALSE,FALSE,96,1093
"1094",1998.1,2021.3,147,96,FALSE,FALSE,281,1094
"1095",2012.3,2021.3,167,33,FALSE,FALSE,107,1095
"1096",2015.2,2021.3,183,84,FALSE,FALSE,74,1096
"1097",2016.1,2021.3,188,148,FALSE,FALSE,66,1097
"1098",2010.3,2021.3,197,35,FALSE,FALSE,131,1098
"1099",2020.2,2021.3,212,250,FALSE,FALSE,14,1099
"1100",2004.3,2021.3,217,86,FALSE,FALSE,204,1100
"1101",2012.1,2021.3,250,101,FALSE,FALSE,113,1101
"1102",2010.3,2021.3,262,40,FALSE,FALSE,132,1102
"1103",1988.4,2021.3,267,286,FALSE,FALSE,392,1103
"1104",2012.4,2021.3,276,108,FALSE,FALSE,105,1104
"1105",1997.2,2021.3,294,47,FALSE,FALSE,289,1105
"1106",2016.2,2021.3,305,120,FALSE,FALSE,62,1106
"1107",2011.4,2021.3,358,345,FALSE,FALSE,115,1107
"1108",2010.2,2021.3,368,59,FALSE,FALSE,134,1108
"1109",2008.4,2021.3,379,348,FALSE,FALSE,151,1109
"1110",2010.2,2021.3,383,59,FALSE,FALSE,134,1110
"1111",2012.2,2021.3,386,391,FALSE,FALSE,110,1111
"1112",2012.2,2021.3,393,362,FALSE,FALSE,112,1112
"1113",2015.2,2021.3,396,389,FALSE,FALSE,73,1113
"1114",2014.2,2021.3,399,383,FALSE,FALSE,86,1114
"1115",2019.4,2021.3,405,18,FALSE,FALSE,20,1115
"1116",2016.4,2021.3,412,418,FALSE,FALSE,57,1116
"1117",2010.2,2021.3,415,59,FALSE,FALSE,134,1117
"1118",2020.3,2021.3,427,133,FALSE,FALSE,12,1118
"1119",2014.2,2021.3,429,65,FALSE,FALSE,87,1119
"1120",1967.1,2021.3,1,12,FALSE,FALSE,655,1120
"1121",2004.3,2021.3,22,86,FALSE,FALSE,204,1121
"1122",1998.2,2021.3,27,39,FALSE,FALSE,277,1122
"1123",2009.3,2021.3,33,434,FALSE,FALSE,143,1123
"1124",1985.4,2021.3,40,32,FALSE,FALSE,429,1124
"1125",2012.3,2021.3,42,33,FALSE,FALSE,107,1125
"1126",1967.4,2021.3,57,70,FALSE,FALSE,645,1126
"1127",2012.2,2021.3,62,430,FALSE,FALSE,110,1127
"1128",2009.3,2021.3,64,296,FALSE,FALSE,142,1128
"1129",2013.1,2021.3,65,372,FALSE,FALSE,102,1129
"1130",2012.3,2021.3,73,397,FALSE,FALSE,108,1130
"1131",1998.2,2021.3,77,39,FALSE,FALSE,277,1131
"1132",2004.3,2021.3,80,86,FALSE,FALSE,204,1132
"1133",2004.3,2021.3,82,86,FALSE,FALSE,204,1133
"1134",2010.4,2021.3,83,60,FALSE,FALSE,128,1134
"1135",2010.4,2021.3,84,60,FALSE,FALSE,128,1135
"1136",1997.1,2021.3,111,333,FALSE,FALSE,294,1136
"1137",2013.3,2021.3,146,155,FALSE,FALSE,95,1137
"1138",2004.3,2021.3,147,149,FALSE,FALSE,205,1138
"1139",2011.2,2021.3,183,85,FALSE,FALSE,124,1139
"1140",2019.1,2021.3,197,176,FALSE,FALSE,29,1140
"1141",2016.1,2021.3,250,228,FALSE,FALSE,65,1141
"1142",2013.2,2021.3,262,42,FALSE,FALSE,99,1142
"1143",2003.2,2021.3,276,109,FALSE,FALSE,219,1143
"1144",1986.2,2021.3,294,55,FALSE,FALSE,423,1144
"1145",2015.2,2021.3,305,81,FALSE,FALSE,74,1145
"1146",2009.2,2021.3,358,58,FALSE,FALSE,146,1146
"1147",2011.3,2021.3,368,66,FALSE,FALSE,121,1147
"1148",2009.2,2021.3,379,58,FALSE,FALSE,146,1148
"1149",2011.3,2021.3,383,66,FALSE,FALSE,121,1149
"1150",2013.2,2021.3,386,398,FALSE,FALSE,99,1150
"1151",2013.3,2021.3,393,361,FALSE,FALSE,94,1151
"1152",2012.1,2021.3,396,371,FALSE,FALSE,114,1152
"1153",2011.3,2021.3,399,66,FALSE,FALSE,121,1153
"1154",2018.4,2021.3,405,416,FALSE,FALSE,32,1154
"1155",2018.4,2021.3,412,62,FALSE,FALSE,34,1155
"1156",2011.3,2021.3,415,66,FALSE,FALSE,121,1156
"1157",2021.1,2021.3,427,423,FALSE,FALSE,4,1157
"1158",2009.2,2021.3,429,58,FALSE,FALSE,146,1158
"1159",1987.1,2021.3,1,13,FALSE,FALSE,413,1159
"1160",2002.1,2021.3,22,36,FALSE,FALSE,234,1160
"1161",1984.4,2021.3,40,4,FALSE,FALSE,440,1161
"1162",1998.1,2021.3,42,20,FALSE,FALSE,280,1162
"1163",2004.3,2021.3,64,149,FALSE,FALSE,205,1163
"1164",2012.2,2021.3,73,430,FALSE,FALSE,110,1164
"1165",2012.3,2021.3,77,129,FALSE,FALSE,108,1165
"1166",2010.3,2021.3,83,35,FALSE,FALSE,131,1166
"1167",2010.3,2021.3,84,35,FALSE,FALSE,131,1167
"1168",1988.2,2021.3,146,156,FALSE,FALSE,400,1168
"1169",2011.3,2021.3,147,150,FALSE,FALSE,120,1169
"1170",2012.3,2021.3,197,33,FALSE,FALSE,107,1170
"1171",2012.4,2021.3,276,19,FALSE,FALSE,104,1171
"1172",1987.1,2021.3,294,13,FALSE,FALSE,413,1172
"1173",2010.4,2021.3,305,60,FALSE,FALSE,128,1173
"1174",2012.3,2021.3,358,57,FALSE,FALSE,107,1174
"1175",2012.1,2021.3,368,371,FALSE,FALSE,114,1175
"1176",2012.2,2021.3,383,349,FALSE,FALSE,109,1176
"1177",2013.1,2021.3,396,372,FALSE,FALSE,102,1177
"1178",2012.1,2021.3,399,371,FALSE,FALSE,114,1178
"1179",2010.3,2021.3,405,417,FALSE,FALSE,131,1179
"1180",2020.3,2021.3,412,419,FALSE,FALSE,12,1180
"1181",2018.4,2021.3,415,62,FALSE,FALSE,34,1181
"1182",2010.2,2021.3,429,59,FALSE,FALSE,134,1182
"1183",2001.2,2021.3,1,14,FALSE,FALSE,244,1183
"1184",2012.4,2021.3,42,108,FALSE,FALSE,105,1184
"1185",1984.4,2021.3,64,4,FALSE,FALSE,440,1185
"1186",2013.1,2021.3,73,442,FALSE,FALSE,100,1186
"1187",2012.4,2021.3,77,130,FALSE,FALSE,105,1187
"1188",2011.2,2021.3,83,85,FALSE,FALSE,124,1188
"1189",2011.2,2021.3,84,85,FALSE,FALSE,124,1189
"1190",2007.3,2021.3,146,157,FALSE,FALSE,167,1190
"1191",2009.1,2021.3,147,151,FALSE,FALSE,148,1191
"1192",2014.4,2021.3,276,1,FALSE,FALSE,81,1192
"1193",2008.2,2021.3,294,3,FALSE,FALSE,157,1193
"1194",2011.2,2021.3,305,85,FALSE,FALSE,124,1194
"1195",2013.1,2021.3,368,372,FALSE,FALSE,102,1195
"1196",2013.3,2021.3,383,360,FALSE,FALSE,95,1196
"1197",2013.3,2021.3,396,387,FALSE,FALSE,96,1197
"1198",2012.3,2021.3,399,57,FALSE,FALSE,107,1198
"1199",2019.4,2021.3,412,18,FALSE,FALSE,20,1199
"1200",2018.4,2021.3,415,416,FALSE,FALSE,32,1200
"1201",2011.3,2021.3,429,66,FALSE,FALSE,121,1201
"1202",1986.2,2021.3,42,55,FALSE,FALSE,423,1202
"1203",2010.3,2021.3,64,318,FALSE,FALSE,132,1203
"1204",2012.1,2021.3,73,101,FALSE,FALSE,113,1204
"1205",2009.3,2021.3,77,7,FALSE,FALSE,144,1205
"1206",2013.1,2021.3,83,44,FALSE,FALSE,102,1206
"1207",2013.1,2021.3,84,44,FALSE,FALSE,102,1207
"1208",1986.2,2021.3,146,55,FALSE,FALSE,423,1208
"1209",2007.2,2021.3,147,152,FALSE,FALSE,171,1209
"1210",2013.3,2021.3,294,64,FALSE,FALSE,96,1210
"1211",2019.1,2021.3,305,167,FALSE,FALSE,28,1211
"1212",2011.4,2021.3,368,343,FALSE,FALSE,118,1212
"1213",2009.3,2021.3,383,313,FALSE,FALSE,144,1213
"1214",2013.4,2021.3,396,258,FALSE,FALSE,91,1214
"1215",2014.1,2021.3,399,400,FALSE,FALSE,88,1215
"1216",1992.3,2021.3,412,24,FALSE,FALSE,348,1216
"1217",2010.3,2021.3,415,417,FALSE,FALSE,131,1217
"1218",2015.2,2021.3,429,81,FALSE,FALSE,74,1218
"1219",1996.4,2021.3,42,56,FALSE,FALSE,295,1219
"1220",2014.2,2021.3,73,65,FALSE,FALSE,87,1220
"1221",2004.3,2021.3,83,86,FALSE,FALSE,204,1221
"1222",2004.3,2021.3,84,86,FALSE,FALSE,204,1222
"1223",2010.1,2021.3,147,153,FALSE,FALSE,137,1223
"1224",2017.3,2021.3,294,15,FALSE,FALSE,47,1224
"1225",2013.2,2021.3,368,74,FALSE,FALSE,99,1225
"1226",2009.2,2021.3,383,312,FALSE,FALSE,147,1226
"1227",2015.4,2021.3,396,390,FALSE,FALSE,68,1227
"1228",2016.1,2021.3,399,228,FALSE,FALSE,65,1228
"1229",2009.2,2021.3,415,255,FALSE,FALSE,146,1229
"1230",2010.3,2021.3,429,35,FALSE,FALSE,131,1230
"1231",2013.1,2021.3,42,44,FALSE,FALSE,102,1231
"1232",2012.2,2021.3,73,100,FALSE,FALSE,110,1232
"1233",2013.3,2021.3,147,155,FALSE,FALSE,95,1233
"1234",2019.4,2021.3,294,18,FALSE,FALSE,20,1234
"1235",2011.2,2021.3,383,87,FALSE,FALSE,121,1235
"1236",2016.3,2021.3,399,401,FALSE,FALSE,61,1236
"1237",2015.2,2021.3,415,389,FALSE,FALSE,73,1237
"1238",2011.2,2021.3,429,85,FALSE,FALSE,124,1238
"1239",1998.2,2021.3,42,39,FALSE,FALSE,277,1239
"1240",2014.1,2021.3,73,400,FALSE,FALSE,88,1240
"1241",1988.2,2021.3,147,156,FALSE,FALSE,400,1241
"1242",2007.4,2021.3,383,170,FALSE,FALSE,165,1242
"1243",2009.2,2021.3,399,255,FALSE,FALSE,146,1243
"1244",2013.3,2021.3,415,387,FALSE,FALSE,96,1244
"1245",2020.3,2021.3,429,431,FALSE,FALSE,10,1245
"1246",2009.2,2021.3,42,78,FALSE,FALSE,145,1246
"1247",2009.1,2021.3,73,443,FALSE,FALSE,148,1247
"1248",2007.3,2021.3,147,157,FALSE,FALSE,167,1248
"1249",2013.3,2021.3,383,387,FALSE,FALSE,96,1249
"1250",2013.2,2021.3,399,256,FALSE,FALSE,99,1250
"1251",2017.3,2021.3,415,15,FALSE,FALSE,47,1251
"1252",2012.4,2021.3,429,314,FALSE,FALSE,104,1252
"1253",2006.4,2021.3,42,321,FALSE,FALSE,175,1253
"1254",2013.1,2021.3,73,372,FALSE,FALSE,102,1254
"1255",1969.2,2021.3,147,158,FALSE,FALSE,627,1255
"1256",2011.4,2021.3,383,394,FALSE,FALSE,115,1256
"1257",2017.3,2021.3,429,432,FALSE,FALSE,47,1257
"1258",2006.4,2021.3,42,322,FALSE,FALSE,176,1258
"1259",2015.4,2021.3,73,75,FALSE,FALSE,69,1259
"1260",2007.4,2021.3,147,159,FALSE,FALSE,163,1260
"1261",2011.3,2021.3,383,395,FALSE,FALSE,119,1261
"1262",2011.3,2021.3,42,150,FALSE,FALSE,120,1262
"1263",1998.4,2021.3,147,160,FALSE,FALSE,272,1263
"1264",2010.4,2021.3,42,323,FALSE,FALSE,128,1264
"1265",1988.2,2021.3,147,334,FALSE,FALSE,397,1265
"1266",2010.1,2021.3,42,324,FALSE,FALSE,137,1266
"1267",2012.1,2021.3,42,325,FALSE,FALSE,113,1267
"1268",2011.1,2021.3,42,326,FALSE,FALSE,126,1268
"1269",2002.2,2021.3,42,327,FALSE,FALSE,230,1269
"1270",2011.4,2021.3,42,328,FALSE,FALSE,115,1270
"1271",1998.3,2021.3,42,277,FALSE,FALSE,274,1271
